subject,course_num,type,id,prof_id,rating
AAAS,103,lec,1,1,4.2
AAAS,134,lec,1,2,3.7
AAAS,139,lec,1,3,1.7
AAAS,140,lec,1,4,2.8
AAAS,190,lec,1,5,4.9
AAAS,196,lec,1,6,0.8
AAAS,210,lec,1,0,3.8
AAAS,211,lec,1,1,1.6
AAAS,213,lec,1,7,2.7
AAAS,214,lec,1,8,3.7
AAAS,217,lec,1,9,3.4
AAAS,218,lec,1,9,0.9
AAAS,220,lec,1,10,2.6
AAAS,220,lab,1,10,4.6
AAAS,220,lab,2,10,2.7
AAAS,224,lec,1,11,1.5
AAAS,227,lec,1,12,4.2
AAAS,228,lec,1,13,1.9
AAAS,232,lec,1,14,1.8
AAAS,234,lec,1,15,1.3
AAAS,237,lec,1,15,1.3
AAAS,239,lec,1,16,2.9
AAAS,242,lec,1,17,4.6
AAAS,247,lec,1,18,4.7
AAAS,257,lec,1,16,1.9
AAAS,269,lec,1,19,3.8
AAAS,290,lec,1,15,4.6
AAAS,316,lec,1,8,2.9
AAAS,322,lec,1,20,3.8
AAAS,325,lec,1,21,2.7
AAAS,331,lec,1,5,0.2
AAAS,332,lec,1,22,4.4
AAAS,343,lec,1,23,0.3
AAAS,345,lec,1,13,4.2
AAAS,347,lec,1,19,1.5
AAAS,407,lec,1,24,4.1
AAAS,420,lec,1,25,1
AEROSCI,101,lec,1,26,1.4
AEROSCI,201,lec,1,26,4.1
AEROSCI,301,lec,1,26,1.4
AEROSCI,99,lab,1,26,2.8
AMES,111,lec,1,27,2.8
AMES,114,lec,1,28,4.1
AMES,120,lec,1,0,3.3
AMES,123,lec,1,29,2.8
AMES,127,lec,1,30,0.6
AMES,142,lec,1,31,4.9
AMES,145,lec,1,32,0.5
AMES,151,lec,1,33,3.1
AMES,157,lec,1,34,2.1
AMES,167,lec,1,0,4
AMES,195,lec,1,35,3
AMES,204,lec,1,36,0.1
AMES,205,lec,1,37,4.2
AMES,207,lec,1,24,1.5
AMES,208,lec,1,35,0.6
AMES,210,lec,1,38,4.4
AMES,218,lec,1,39,5
AMES,220,lec,1,40,2.2
AMES,233,lec,1,41,4.4
AMES,244,lec,1,42,3.4
AMES,247,lec,1,43,4.8
AMES,275,lec,1,44,0.4
AMES,286,lec,1,43,3.7
AMES,288,lec,1,45,2.8
AMES,301,lec,1,46,4.2
AMES,301,dis,1,46,2.2
AMES,301,dis,2,46,0.7
AMES,301,dis,3,46,3
AMES,301,dis,4,46,2
AMES,318,lec,1,18,0.2
AMES,322,lec,1,29,2.2
AMES,335,lec,1,47,1.7
AMES,360,lec,1,48,3.7
AMES,372,lec,1,49,2.8
AMES,373,lec,1,50,4.2
AMES,410,lec,1,49,2.4
AMES,432,lec,1,47,2.9
AMES,435,lec,1,51,2.2
AMES,437,lec,1,24,4.3
AMES,498,lec,1,37,3.1
AMI,198,lec,1,52,2.3
AMI,218,lec,1,36,4.7
AMI,224,lec,1,53,5
AMI,246,lec,1,18,1.1
AMI,253,lec,1,33,2.3
AMI,269,lec,1,41,0.3
AMI,271,lec,1,54,3.5
AMI,274,lec,1,55,0.5
AMI,277,lec,1,53,4.3
AMI,281,lec,1,56,5
AMI,315,lec,1,57,1.4
AMI,331,lec,1,58,0.5
AMI,337,lec,1,47,3.1
AMI,338,lec,1,47,4.3
AMI,343,lec,1,59,2.5
AMI,352,lec,1,60,0.9
AMI,356,lec,1,60,4.7
AMI,366,lec,1,61,1.5
AMI,410,lec,1,49,5
AMI,416,lec,1,62,0.6
AMI,89,lec,1,63,1.2
ARABIC,101,lec,1,40,2.2
ARABIC,101,lec,2,40,1.5
ARABIC,101,lec,3,64,4.2
ARABIC,101,lec,4,0,1.8
ARABIC,101,dis,1,65,3.3
ARABIC,101,dis,2,0,0.4
ARABIC,101,dis,3,0,0.7
ARABIC,101,dis,4,0,0.9
ARABIC,203,lec,1,64,2.8
ARABIC,203,lec,2,65,4.7
ARABIC,203,dis,1,64,4.1
ARABIC,203,dis,2,65,2.1
ARABIC,295,lec,1,64,0.9
ARABIC,305,lec,1,66,0.1
ARABIC,407,lec,1,66,1.6
ARTHIST,220,lec,1,67,4
ARTHIST,231,lec,1,68,0.5
ARTHIST,231,lec,2,68,2.5
ARTHIST,232,lec,1,69,1.4
ARTHIST,245,lec,1,70,2.8
ARTHIST,283,lec,1,12,3.5
ARTHIST,286,lec,1,71,2.1
ARTHIST,286,dis,1,71,1
ARTHIST,298,lec,1,72,4.8
ARTHIST,305,lec,1,73,3.1
ARTHIST,305,lab,1,73,3.3
ARTHIST,315,lec,1,74,3.4
ARTHIST,89,lec,1,75,1.7
ARTHIST,89,lec,2,73,2.2
ARTHIST,89,lec,3,76,4.9
ARTHIST,89,lec,20,0,4.2
ARTSVIS,115,lec,1,77,3.7
ARTSVIS,119,lec,1,0,4.1
ARTSVIS,119,lec,2,0,0.5
ARTSVIS,120,lec,1,78,2
ARTSVIS,130,lec,1,52,0.2
ARTSVIS,198,lec,1,52,1.8
ARTSVIS,199,lec,1,79,0.2
ARTSVIS,204,lec,1,80,2.7
ARTSVIS,205,lec,1,81,4.5
ARTSVIS,206,lec,1,82,3.2
ARTSVIS,210,lec,1,79,4.4
ARTSVIS,212,lec,1,83,3.9
ARTSVIS,226,lec,1,81,0.8
ARTSVIS,233,lec,1,84,3.2
ARTSVIS,240,lec,1,85,4.6
ARTSVIS,245,lec,1,70,2
ARTSVIS,281,lec,1,56,0.9
ARTSVIS,303,lec,1,58,0.8
ARTSVIS,305,lec,1,73,4.9
ARTSVIS,305,lab,1,73,0.9
ARTSVIS,320,lec,1,78,4.5
ARTSVIS,326,lec,1,86,0.3
ARTSVIS,356,lec,1,60,2.8
ARTSVIS,497,lec,1,87,0.5
BIOCHEM,301,lec,1,88,4.7
BIOLOGY,148,lec,1,89,1.9
BIOLOGY,153,lec,1,90,2.1
BIOLOGY,157,lec,1,91,2.5
BIOLOGY,158,lec,1,92,4.9
BIOLOGY,180,lec,1,93,0.6
BIOLOGY,201,lec,1,94,3.8
BIOLOGY,201,lab,1,94,2.1
BIOLOGY,201,lab,2,94,1
BIOLOGY,201,lab,3,94,1.4
BIOLOGY,201,lab,4,94,3.6
BIOLOGY,201,lab,5,94,2.6
BIOLOGY,201,lab,6,94,1.4
BIOLOGY,201,lab,7,94,3.8
BIOLOGY,201,lab,8,94,3.2
BIOLOGY,201,lab,9,94,1.7
BIOLOGY,201,lab,10,94,5
BIOLOGY,201,lab,11,94,3.1
BIOLOGY,201,lab,12,94,0.9
BIOLOGY,201,lab,13,94,3
BIOLOGY,201,lab,14,94,4.7
BIOLOGY,201,lab,15,94,1.2
BIOLOGY,202,lec,1,95,3.6
BIOLOGY,202,lab,1,96,3.6
BIOLOGY,202,lab,2,96,0.9
BIOLOGY,202,lab,3,96,0.7
BIOLOGY,202,lab,4,96,2.6
BIOLOGY,202,lab,5,96,2.5
BIOLOGY,202,lab,6,96,3.4
BIOLOGY,202,lab,7,96,1.3
BIOLOGY,202,lab,8,96,1.6
BIOLOGY,209,lec,1,90,0.2
BIOLOGY,212,lec,1,97,2.2
BIOLOGY,212,lab,1,98,4.1
BIOLOGY,212,lab,2,98,5
BIOLOGY,212,lab,3,98,3.7
BIOLOGY,213,lec,1,99,4.8
BIOLOGY,213,dis,1,99,2.8
BIOLOGY,213,dis,2,99,5
BIOLOGY,220,lec,1,100,3
BIOLOGY,220,dis,1,100,0.2
BIOLOGY,220,dis,2,100,0.5
BIOLOGY,220,dis,3,100,4
BIOLOGY,223,lec,1,101,2.9
BIOLOGY,223,dis,1,101,0.7
BIOLOGY,223,dis,2,101,2.9
BIOLOGY,224,lec,1,102,1.7
BIOLOGY,228,lec,1,103,3.4
BIOLOGY,262,lec,1,104,4.8
BIOLOGY,267,lec,1,105,2.2
BIOLOGY,267,dis,1,105,4.7
BIOLOGY,267,dis,2,105,3.7
BIOLOGY,268,lec,1,106,1.8
BIOLOGY,268,dis,1,106,3.3
BIOLOGY,325,lec,1,107,4.5
BIOLOGY,329,lec,1,108,2.5
BIOLOGY,329,dis,1,108,4.5
BIOLOGY,329,dis,2,108,1.3
BIOLOGY,361,lec,1,109,1.2
BIOLOGY,361,lab,1,109,2.5
BIOLOGY,412,lec,1,110,4.4
BIOLOGY,417,lec,1,99,1.6
BIOLOGY,418,lec,1,111,4.3
BIOLOGY,420,lec,1,112,2.3
BIOLOGY,422,lec,1,113,3.5
BIOLOGY,422,lab,1,113,2.6
BIOLOGY,427,lec,1,114,0.3
BIOLOGY,429,lec,1,115,1.6
BIOLOGY,89,lec,1,116,0.1
BIOLOGY,89,lec,2,117,0.9
BME,244,lec,1,118,4
BME,260,lec,1,0,4.5
BME,260,lab,1,0,0.6
BME,271,lec,1,119,3.2
BME,271,dis,1,119,4.8
BME,303,lec,1,120,4.8
BME,303,lab,1,120,1.9
BME,307,lec,1,121,1.7
BME,354,lec,1,122,3.7
BME,354,lab,1,122,1.5
BME,432,lec,1,123,1.5
BME,432,lab,1,123,2.8
BME,464,lec,1,124,4.9
BME,464,lab,1,124,2.9
BME,473,lec,1,125,2.8
BME,473,lab,1,125,4.7
BME,474,lec,1,125,4.6
BME,474,lab,1,125,4.6
CEE,301,lec,1,126,0.8
CEE,301,lab,1,126,1.2
CEE,301,lab,2,126,1.8
CEE,311,lec,1,127,4.9
CEE,421,lec,1,128,1.8
CEE,421,lab,1,128,0.3
CEE,423,lec,1,129,4.4
CEE,423,lab,1,129,1.4
CEE,423,lab,2,129,3.8
CEE,423,lab,3,129,4.8
CEE,461,lec,1,130,2.9
CEE,461,lab,1,130,1.7
CEE,461,lab,2,130,2.8
CEE,463,lec,1,131,3.6
CEE,463,lab,1,131,3.1
CESC,201,lec,1,132,5
CHEM,101,lec,1,133,3.8
CHEM,101,lec,2,133,1.2
CHEM,101,dis,11,133,2.8
CHEM,101,dis,12,133,1.3
CHEM,101,dis,13,133,4.3
CHEM,101,dis,21,133,3.3
CHEM,101,dis,22,133,3.3
CHEM,101,dis,31,133,0.1
CHEM,101,dis,32,133,1
CHEM,101,dis,33,133,0.4
CHEM,101,dis,41,133,1.6
CHEM,101,dis,42,133,3.4
CHEM,101,dis,43,133,0.3
CHEM,101,dis,51,133,0.7
CHEM,101,dis,52,133,3.5
CHEM,101,dis,61,133,4.7
CHEM,101,dis,62,133,2.9
CHEM,101,dis,71,133,2.9
CHEM,101,dis,72,133,3.1
CHEM,101,dis,73,133,0.6
CHEM,101,dis,74,133,4.2
CHEM,101,dis,81,133,1.9
CHEM,101,dis,82,133,4.4
CHEM,101,dis,83,133,2.5
CHEM,110,lec,1,134,1.8
CHEM,110,dis,10,134,4.2
CHEM,110,dis,11,134,0.9
CHEM,110,dis,12,134,1.7
CHEM,110,dis,13,134,1.3
CHEM,110,lec,111,135,3.7
CHEM,110,lec,112,135,2
CHEM,110,lec,311,135,4.5
CHEM,110,lec,312,135,1.3
CHEM,110,lec,411,135,1.2
CHEM,110,lec,412,135,4.5
CHEM,110,lec,611,135,2
CHEM,110,lec,612,135,3.1
CHEM,110,lec,711,135,4.9
CHEM,110,lec,712,135,1.1
CHEM,201,lec,1,136,3.3
CHEM,201,lec,2,136,0.1
CHEM,201,dis,11,136,3
CHEM,201,dis,12,136,4.2
CHEM,201,dis,13,136,2.1
CHEM,201,dis,14,136,0.4
CHEM,201,dis,15,136,4.3
CHEM,201,dis,16,136,1.4
CHEM,201,dis,17,136,1
CHEM,201,dis,18,136,1
CHEM,201,dis,21,136,2.5
CHEM,201,dis,22,136,2.9
CHEM,201,dis,23,136,2.8
CHEM,201,dis,24,136,0.4
CHEM,201,dis,25,136,2.3
CHEM,201,dis,26,136,0.7
CHEM,201,dis,27,136,0.2
CHEM,201,dis,28,136,3.9
CHEM,201,lec,111,137,0.2
CHEM,201,lec,112,137,4.9
CHEM,201,lec,121,137,3.7
CHEM,201,lec,122,137,3.7
CHEM,201,lec,211,137,4.4
CHEM,201,lec,212,137,3.3
CHEM,201,lec,311,137,2.5
CHEM,201,lec,312,137,1.8
CHEM,201,lec,321,137,2.8
CHEM,201,lec,322,137,1.3
CHEM,201,lec,411,137,0.3
CHEM,201,lec,412,137,1.2
CHEM,201,lec,421,137,4.5
CHEM,201,lec,422,137,2.8
CHEM,201,lec,611,137,5
CHEM,201,lec,612,137,3.4
CHEM,201,lec,621,137,1.5
CHEM,201,lec,622,137,0.3
CHEM,201,lec,711,137,1.5
CHEM,201,lec,712,137,2.7
CHEM,202,lec,1,138,1.1
CHEM,202,lec,2,139,0.5
CHEM,210,lec,1,140,3.9
CHEM,210,dis,10,140,3.9
CHEM,210,dis,11,140,2.5
CHEM,210,dis,12,140,2.8
CHEM,210,dis,13,140,1.1
CHEM,295,lec,1,138,3.7
CHEM,301,lec,1,141,2.1
CHEM,310,lec,1,142,3.5
CHEM,310,lec,31,143,4.2
CHEM,310,lec,41,143,0.9
CHEM,401,lec,1,144,3.7
CHEM,401,lec,11,143,3.4
CHEM,401,lec,31,143,1.8
CHEM,401,lec,41,143,3
CHEM,89,lec,1,145,4
CHEM,91,lec,1,146,3.7
CHEM,99,lec,1,144,0.7
CHEM,99,dis,11,144,3.6
CHILDPOL,250,lec,1,147,1.3
CHINESE,101,lec,1,148,2.7
CHINESE,101,lec,2,148,4.2
CHINESE,101,dis,1,149,1.8
CHINESE,101,dis,2,0,1.6
CHINESE,101,dis,3,0,4.9
CHINESE,105,lec,1,150,2.9
CHINESE,105,dis,1,0,2.4
CHINESE,131,lec,1,151,3.3
CHINESE,131,lec,2,152,1.6
CHINESE,131,dis,1,0,4
CHINESE,131,dis,2,151,4.7
CHINESE,131,dis,3,0,2.6
CHINESE,203,lec,1,153,3.4
CHINESE,203,lec,2,151,2.4
CHINESE,203,dis,1,151,4.3
CHINESE,203,dis,2,154,4.8
CHINESE,203,dis,3,153,3.9
CHINESE,305,lec,1,149,1.1
CHINESE,305,lec,2,150,2.2
CHINESE,305,dis,1,150,3.6
CHINESE,305,dis,2,149,4.1
CHINESE,331,lec,1,148,2.4
CHINESE,331,dis,1,0,4.5
CHINESE,332,lec,1,153,1.4
CHINESE,333,lec,1,154,2.3
CHINESE,333,dis,1,154,1.9
CHINESE,407,lec,1,154,0.6
CHINESE,435,lec,1,0,4.9
CHINESE,455,lec,1,51,2.5
CLST,144,lec,1,155,4
CLST,170,lec,1,156,3.2
CLST,206,lec,1,54,2.4
CLST,240,lec,1,73,3.5
CLST,240,lab,1,73,5
CLST,271,lec,1,157,4.7
CLST,275,lec,1,156,1.3
CLST,283,lec,1,0,4.9
CLST,304,lec,1,0,2.9
CLST,308,lec,1,0,3.5
CLST,89,lec,1,73,3.8
CLST,89,lec,2,0,0.1
COMPSCI,101,lec,1,158,2.6
COMPSCI,101,lab,1,0,2.7
COMPSCI,101,lab,2,0,1.3
COMPSCI,101,lab,3,0,5
COMPSCI,101,lab,4,0,3.3
COMPSCI,101,lab,5,0,1
COMPSCI,101,lab,6,0,3
COMPSCI,101,lab,7,0,3.3
COMPSCI,101,lab,8,0,3.9
COMPSCI,101,lab,9,0,2.7
COMPSCI,101,lab,10,0,0.9
COMPSCI,101,lab,11,0,2.6
COMPSCI,101,lab,12,0,1.6
COMPSCI,110,lec,1,159,4.7
COMPSCI,116,lec,1,160,3.4
COMPSCI,201,lec,1,161,1.5
COMPSCI,201,dis,1,161,1.9
COMPSCI,201,dis,2,161,1.6
COMPSCI,201,dis,3,161,4.6
COMPSCI,201,dis,4,161,4.5
COMPSCI,201,dis,5,161,1.8
COMPSCI,201,dis,6,0,4.4
COMPSCI,201,dis,7,161,0.5
COMPSCI,201,dis,8,161,1.2
COMPSCI,201,dis,9,161,2.7
COMPSCI,201,dis,10,161,3.7
COMPSCI,201,dis,11,161,0.2
COMPSCI,201,dis,12,161,3.6
COMPSCI,201,dis,13,161,0.5
COMPSCI,201,dis,14,161,4.9
COMPSCI,201,dis,15,161,0.9
COMPSCI,201,dis,16,161,1.2
COMPSCI,201,dis,17,161,0.1
COMPSCI,201,dis,18,161,1.7
COMPSCI,201,dis,19,0,3.6
COMPSCI,201,dis,20,0,3.4
COMPSCI,230,lec,1,162,3.4
COMPSCI,230,dis,1,162,4.5
COMPSCI,230,dis,2,162,3.8
COMPSCI,250,lec,1,163,4.6
COMPSCI,250,dis,1,0,0.5
COMPSCI,250,dis,2,0,3.1
COMPSCI,250,dis,3,0,3.4
COMPSCI,250,dis,4,0,1.6
COMPSCI,250,dis,5,0,4.1
COMPSCI,250,dis,6,0,2.1
COMPSCI,250,dis,7,0,4
COMPSCI,250,dis,8,0,4
COMPSCI,250,dis,9,0,1.8
COMPSCI,250,dis,10,0,4.3
COMPSCI,250,dis,11,0,2.7
COMPSCI,260,lec,1,164,3.7
COMPSCI,307,lec,1,165,4.6
COMPSCI,307,dis,1,165,4.9
COMPSCI,310,lec,1,166,0.9
COMPSCI,310,dis,1,166,4.1
COMPSCI,316,lec,1,167,5
COMPSCI,330,lec,1,168,0.4
COMPSCI,330,dis,1,0,0.6
COMPSCI,330,dis,2,0,5
COMPSCI,330,dis,3,0,1.6
COMPSCI,330,dis,4,0,2.5
COMPSCI,330,dis,5,0,0.1
COMPSCI,350,lec,1,169,2.8
COMPSCI,350,lab,1,169,0.7
COMPSCI,350,lab,2,169,1.9
COMPSCI,350,lab,3,169,2.4
COMPSCI,350,lab,4,169,1.5
COMPSCI,356,lec,1,170,3.9
COMPSCI,371,lec,1,171,0.2
COMPSCI,371,dis,1,171,0.1
COMPSCI,371,dis,2,171,2.7
COMPSCI,371,dis,3,171,2.3
COMPSCI,408,lec,1,165,3.8
COMPSCI,434,lec,1,172,1.5
COMPSCI,445,lec,1,173,0.3
COMPSCI,94,lec,1,158,3.9
CREOLE,101,lec,1,174,2.5
CREOLE,203,lec,1,174,1.3
CULANTH,101,lec,1,175,4.2
CULANTH,105,lec,1,1,1.8
CULANTH,106,lec,1,58,0.1
CULANTH,113,lec,1,176,0.2
CULANTH,148,lec,1,42,4.8
CULANTH,195,lec,1,177,2.8
CULANTH,196,lec,1,6,1.8
CULANTH,201,lec,1,178,3.1
CULANTH,201,lec,2,179,1.7
CULANTH,203,lec,1,180,0.9
CULANTH,209,lec,1,38,0.2
CULANTH,212,lec,1,179,3.1
CULANTH,214,lec,1,34,1.7
CULANTH,215,lec,1,34,3.6
CULANTH,219,lec,1,181,4.5
CULANTH,234,lec,1,182,0.6
CULANTH,245,lec,1,183,0.4
CULANTH,258,lec,1,184,4.5
CULANTH,269,lec,1,19,3.6
CULANTH,278,lec,1,185,4.8
CULANTH,295,lec,1,186,0.1
CULANTH,302,lec,1,187,4.6
CULANTH,305,lec,1,19,1.1
CULANTH,306,lec,1,188,1.3
CULANTH,306,lec,2,189,2.4
CULANTH,341,lec,1,190,2.7
CULANTH,342,lec,1,23,2
CULANTH,350,lec,1,1,3.8
CULANTH,360,lec,1,48,0.7
CULANTH,366,lec,1,49,4.6
CULANTH,389,lec,1,191,0.1
CULANTH,399,lec,1,192,4.7
CULANTH,423,lec,1,190,0.4
CULANTH,424,lec,1,187,5
CULANTH,473,lec,1,49,4.9
CULANTH,498,lec,1,0,3.7
CULANTH,89,lec,1,175,4.9
DANCE,101,lec,1,193,4
DANCE,110,lec,1,0,0.1
DANCE,116,lec,1,194,1.8
DANCE,120,lec,1,0,0.5
DANCE,122,lec,1,0,1
DANCE,130,lec,1,10,3.1
DANCE,140,lec,1,195,4.9
DANCE,142,lec,1,196,0.2
DANCE,205,lec,1,59,4
DANCE,210,lec,1,0,4
DANCE,215,lec,1,0,0.3
DANCE,220,lec,1,0,0.1
DANCE,230,lec,1,10,3.7
DANCE,240,lec,1,195,4.8
DANCE,255,lec,1,43,2.3
DANCE,306,lec,1,59,2.4
DANCE,310,lec,1,59,0.1
DANCE,320,lec,1,0,0.8
DANCE,335,lec,1,10,1.9
DANCE,335,lab,1,10,1.5
DANCE,335,lab,2,10,2.5
DANCE,368,lec,1,193,0.5
DANCE,377,lec,1,197,1.3
DANCE,379,lec,1,198,3
DANCE,410,lec,1,59,0.7
DANCE,420,lec,1,0,1.6
DANCE,487,lec,1,199,2.3
DANCE,89,lec,1,63,2.6
DECSCI,101,lec,1,200,2.4
DOCST,101,lec,1,201,4.2
DOCST,105,lec,1,58,3.6
DOCST,107,lec,1,202,1.4
DOCST,110,lec,1,203,1
DOCST,115,lec,1,77,5
DOCST,119,lec,1,0,0.1
DOCST,119,lec,2,0,0.3
DOCST,135,lec,1,204,3
DOCST,204,lec,1,36,4.6
DOCST,206,lec,1,80,2.1
DOCST,209,lec,1,83,5
DOCST,224,lec,1,205,4.8
DOCST,236,lec,1,85,2.1
DOCST,242,lec,1,59,2.4
DOCST,274,lec,1,39,4.9
DOCST,315,lec,1,57,1.7
DOCST,344,lec,1,184,4.4
DOCST,356,lec,1,206,4.3
DOCST,357,lec,1,60,2.7
DOCST,358,lec,1,62,0.8
DOCST,367,lec,1,61,4.2
DOCST,371,lec,1,0,0.8
DOCST,480,lec,1,36,0.6
ECE,110,lec,1,207,0.2
ECE,110,lec,2,208,4.1
ECE,110,lab,1,207,1.1
ECE,110,lab,2,207,3.4
ECE,110,lab,3,207,4.2
ECE,110,lab,4,207,4.1
ECE,110,lab,5,207,0.1
ECE,110,lab,6,207,4.1
ECE,230,lec,1,209,1.4
ECE,230,lab,1,209,0.6
ECE,230,lab,2,209,3
ECE,230,lab,3,209,3.6
ECE,230,lab,4,209,2.1
ECE,230,lab,5,209,0.6
ECE,250,lec,1,163,2.7
ECE,250,dis,1,0,2.5
ECE,250,dis,2,0,1.4
ECE,250,dis,3,0,2
ECE,250,dis,4,0,0.1
ECE,250,dis,5,0,1.8
ECE,250,dis,6,0,2.3
ECE,250,dis,7,0,1.7
ECE,250,dis,8,0,3.5
ECE,250,dis,9,0,2.4
ECE,250,dis,10,0,3
ECE,250,dis,11,0,3.3
ECE,270,lec,1,210,0.3
ECE,270,lec,2,211,2.8
ECE,270,dis,1,210,2.5
ECE,270,dis,2,211,0.8
ECE,270,lab,1,211,2
ECE,270,lab,2,211,5
ECE,270,lab,3,211,2.4
ECE,280,lec,1,212,5
ECE,280,lec,2,213,3.3
ECE,280,lab,1,212,1.1
ECE,280,lab,2,212,0.2
ECE,280,lab,3,212,3.9
ECE,280,lab,4,212,3.3
ECE,280,lab,5,212,3
ECE,280,lab,6,212,1.1
ECE,280,lab,7,212,1.3
ECE,280,lab,8,212,0.7
ECE,280,lab,9,212,2.7
ECE,330,lec,1,214,1.3
ECE,330,lab,1,214,3.4
ECE,331,lec,1,215,1.2
ECE,331,lab,1,215,3.7
ECE,331,lab,2,215,2
ECE,340,lec,1,216,2.3
ECE,340,lab,1,216,2.4
ECE,350,lec,1,169,1.3
ECE,350,lab,1,169,3.7
ECE,350,lab,2,169,1.8
ECE,350,lab,3,169,2.4
ECE,350,lab,4,169,1.7
ECE,353,lec,1,166,0.2
ECE,353,dis,1,166,2.6
ECE,356,lec,1,170,3.7
ECE,381,lec,1,217,4.6
ECE,381,lab,1,217,5
ECE,381,lab,2,217,1.9
ECE,382,lec,1,218,4.3
ECE,382,lab,1,218,2.6
ECE,382,lab,2,218,4.4
ECE,382,lab,3,218,1.8
ECE,382,lab,4,218,3
ECE,459,lec,1,219,2.1
ECE,461,lec,1,220,0.7
ECE,480,lec,1,221,3.8
ECE,483,lec,1,222,4.2
ECON,101,lec,1,223,0.5
ECON,101,dis,1,223,1.7
ECON,101,dis,2,223,3.2
ECON,101,dis,3,223,4.2
ECON,101,dis,4,223,2.4
ECON,101,dis,5,223,1.3
ECON,104,lec,1,224,1.3
ECON,104,dis,1,224,1.9
ECON,104,dis,2,224,2.9
ECON,104,dis,3,224,4.7
ECON,112,lec,1,225,1.4
ECON,119,lec,1,226,4.5
ECON,174,lec,1,227,1.1
ECON,201,lec,1,228,0.6
ECON,201,dis,1,228,2.8
ECON,201,dis,2,228,4.6
ECON,201,dis,3,228,4.4
ECON,201,dis,4,228,2.7
ECON,201,dis,5,228,2
ECON,201,dis,6,228,2.4
ECON,201,dis,7,228,1
ECON,201,dis,8,228,0.7
ECON,205,lec,1,229,3.8
ECON,205,dis,1,229,0.9
ECON,205,dis,2,229,2.2
ECON,205,dis,3,229,0.4
ECON,205,dis,4,229,4.7
ECON,210,lec,1,230,3.5
ECON,210,dis,1,230,3.2
ECON,210,dis,2,230,1.4
ECON,210,dis,3,230,1.8
ECON,210,dis,4,230,1.9
ECON,210,dis,5,230,3.3
ECON,210,dis,6,230,1.4
ECON,212,lec,1,231,4
ECON,223,lec,1,198,1
ECON,241,lec,1,232,4.8
ECON,241,dis,1,232,4.2
ECON,241,dis,2,0,3.7
ECON,255,lec,1,233,4.5
ECON,256,lec,1,234,1.9
ECON,285,lec,1,225,1.5
ECON,305,lec,1,235,4.6
ECON,309,lec,1,1,0.1
ECON,311,lec,1,236,4.2
ECON,312,lec,1,237,3.4
ECON,319,lec,1,238,0.4
ECON,337,lec,1,239,5
ECON,338,lec,1,240,3.5
ECON,338,lec,2,241,3.5
ECON,344,lec,1,68,4.6
ECON,344,lec,2,68,4.2
ECON,348,lec,1,239,3.3
ECON,351,lec,1,242,4.6
ECON,355,lec,1,243,2.3
ECON,361,lec,1,244,3.2
ECON,369,lec,1,245,1.2
ECON,370,lec,1,246,2.4
ECON,372,lec,1,247,4.3
ECON,373,lec,1,223,4
ECON,375,lec,1,248,3.7
ECON,379,lec,1,249,3.6
ECON,381,lec,1,250,4.5
ECON,389,lec,1,226,4.1
ECON,432,lec,1,251,1.3
ECON,452,lec,1,252,1.7
ECON,462,lec,1,253,0.6
ECON,471,lec,1,254,3.6
ECON,477,lec,1,247,0.9
ECON,495,lec,1,255,3.4
ECON,495,lec,2,256,2.2
ECON,495,lec,3,248,2.6
EDUC,101,lec,1,257,4.9
EDUC,101,lec,2,14,4.8
EDUC,101,lec,3,258,0.8
EDUC,111,lec,1,259,1.1
EDUC,112,lec,1,260,4.8
EDUC,113,lec,1,176,4
EDUC,201,lec,1,132,3.3
EDUC,209,lec,1,83,3.4
EDUC,220,lec,1,14,3.4
EDUC,234,lec,1,182,3.5
EDUC,239,lec,1,180,4
EDUC,240,lec,1,259,4.4
EDUC,240,lec,2,258,2.8
EDUC,243,lec,1,261,3.7
EDUC,244,lec,1,205,3.8
EDUC,255,lec,1,262,2.8
EDUC,275,lec,1,263,0.9
EDUC,289,lec,1,264,0.2
EDUC,345,lec,1,265,3.9
EDUC,407,lec,1,266,5
EDUC,408,lec,1,267,0.8
EDUC,409,lec,1,267,3.5
EDUC,430,lec,1,268,3.9
EDUC,495,lec,1,269,0.6
EDUC,89,lec,1,270,4.6
EDUC,89,lec,2,14,4
EGR,101,lec,1,271,1.9
EGR,101,lec,2,271,4.9
EGR,101,lec,3,271,4.8
EGR,101,lec,4,271,2.8
EGR,101,lec,5,271,3.4
EGR,101,lec,6,271,0.4
EGR,101,lab,1,271,0.4
EGR,101,lab,2,271,2.6
EGR,101,lab,3,271,2.8
EGR,101,lab,4,271,0.4
EGR,101,lab,5,271,2.3
EGR,101,lab,6,271,3.6
EGR,103,lec,1,208,0.3
EGR,121,lec,1,272,4.6
EGR,121,lab,1,272,1.2
EGR,201,lec,1,0,0.1
EGR,201,lec,2,0,2.5
EGR,201,lec,3,129,5
EGR,201,lab,11,0,1.9
EGR,201,lab,12,0,4.3
EGR,201,lab,21,0,1.4
EGR,201,lab,22,0,1.3
EGR,201,lab,31,129,3
EGR,201,lab,32,129,3.6
EGR,238,lec,1,221,0.2
EGR,238,lab,1,221,1.1
EGR,305,lec,1,231,3.7
EGR,95,lec,1,273,2.7
EGR,95,lec,2,274,3.4
EGR,95,lec,3,271,1.4
ENERGY,190,lec,1,275,3.4
ENERGY,231,lec,1,276,1.8
ENGLISH,110,lec,1,277,2.3
ENGLISH,110,lec,2,278,4.9
ENGLISH,190,lec,1,279,0.5
ENGLISH,190,lec,2,159,0.8
ENGLISH,202,lec,1,181,0.4
ENGLISH,220,lec,1,11,1.7
ENGLISH,220,lec,2,280,4.8
ENGLISH,221,lec,1,281,4.8
ENGLISH,221,lec,2,0,0.5
ENGLISH,222,lec,1,277,1.8
ENGLISH,224,lec,1,53,3.6
ENGLISH,244,lec,1,282,3.5
ENGLISH,247,lec,1,283,2.2
ENGLISH,251,lec,1,284,2.4
ENGLISH,269,lec,1,285,2.5
ENGLISH,274,lec,1,53,1.9
ENGLISH,276,lec,1,11,4.3
ENGLISH,290,lec,1,286,3.7
ENGLISH,290,lec,1,285,2.8
ENGLISH,290,lec,1,287,4.8
ENGLISH,290,lec,2,288,1.9
ENGLISH,320,lec,1,280,3.2
ENGLISH,321,lec,1,287,2.1
ENGLISH,336,lec,1,289,3.9
ENGLISH,338,lec,1,290,3.7
ENGLISH,373,lec,1,291,2.5
ENGLISH,377,lec,1,292,1.8
ENGLISH,379,lec,1,13,2.5
ENGLISH,380,lec,1,20,4
ENGLISH,390,lec,1,293,1.9
ENGLISH,395,lec,1,179,4.1
ENGLISH,421,lec,1,281,3.4
ENGLISH,480,lec,1,62,1.8
ENGLISH,490,lec,1,294,2.4
ENGLISH,89,lec,1,295,1.7
ENGLISH,89,lec,2,296,0.8
ENVIRON,102,lec,1,297,0.6
ENVIRON,102,lec,2,298,2.8
ENVIRON,147,lec,1,42,4.6
ENVIRON,148,lec,1,89,4.1
ENVIRON,153,lec,1,90,1
ENVIRON,201,lec,1,299,2.5
ENVIRON,210,lec,1,300,1.7
ENVIRON,210,dis,1,300,2.2
ENVIRON,210,dis,2,300,4.5
ENVIRON,223,lec,1,301,0.2
ENVIRON,226,lec,1,302,3.2
ENVIRON,228,lec,1,103,1.9
ENVIRON,231,lec,1,276,2.1
ENVIRON,265,lec,1,303,0.2
ENVIRON,274,lec,1,104,0.5
ENVIRON,276,lec,1,225,4.3
ENVIRON,290,lec,1,304,3.7
ENVIRON,310,lec,1,305,4
ENVIRON,311,lec,1,305,2.8
ENVIRON,315,lec,1,57,2.8
ENVIRON,332,lec,1,251,3.4
ENVIRON,338,lec,1,306,0.9
ENVIRON,361,lec,1,109,4.6
ENVIRON,361,lab,1,109,1.5
ENVIRON,461,lec,1,220,0.2
ENVIRON,89,lec,1,307,4.1
ENVIRON,89,lec,2,308,0.3
EOS,101,lec,1,309,2.2
EOS,102,lec,1,91,4.2
EOS,201,lec,1,310,3.3
EOS,201,lab,1,310,4.1
EOS,226,lec,1,302,2.1
EOS,231,lec,1,276,4
EOS,401,lec,1,91,3.9
ETHICS,101,lec,1,311,1.1
ETHICS,129,lec,1,312,2.2
ETHICS,150,lec,1,313,1.2
ETHICS,160,lec,1,225,3
ETHICS,170,lec,1,156,3.8
ETHICS,189,lec,1,314,2.5
ETHICS,189,lec,2,314,0.4
ETHICS,215,lec,1,315,0.1
ETHICS,215,lec,2,315,2.2
ETHICS,215,lec,3,315,1.1
ETHICS,215,lec,4,315,0.8
ETHICS,215,lec,5,315,5
ETHICS,259,lec,1,0,5
ETHICS,270,lec,1,316,3
ETHICS,275,lec,1,156,1.1
ETHICS,285,lec,1,225,3.8
ETHICS,303,lec,1,46,1.4
ETHICS,303,dis,1,46,3.1
ETHICS,303,dis,2,46,3.7
ETHICS,303,dis,3,46,1.3
ETHICS,303,dis,4,46,1.1
ETHICS,373,lec,1,50,0.4
ETHICS,89,lec,2,117,3.7
ETHICS,89,lec,9,317,0.3
ETHICS,89,lec,14,73,0.5
ETHICS,89,lec,15,318,2.8
ETHICS,89,lec,16,319,1.1
ETHICS,89,lec,17,320,2.4
EVANTH,101,lec,1,321,4.3
EVANTH,101,dis,1,321,0.9
EVANTH,101,dis,2,321,4
EVANTH,101,dis,3,321,1.9
EVANTH,101,dis,4,321,1.4
EVANTH,101,dis,5,321,0.1
EVANTH,101,dis,6,321,1.7
EVANTH,235,lec,1,322,1.8
EVANTH,235,lab,1,322,2.3
EVANTH,235,lab,2,322,2.7
EVANTH,253,lec,1,323,4.8
EVANTH,333,lec,1,324,0.5
EVANTH,333,lab,1,324,3.4
EVANTH,333,lab,2,324,4.3
EVANTH,334,lec,1,325,4.5
EVANTH,334,lab,1,325,4.1
EVANTH,334,lab,2,325,3.7
EVANTH,336,lec,1,197,1.5
EVANTH,344,lab,1,326,2.7
EVANTH,347,lec,1,105,4.6
EVANTH,347,dis,1,105,1.3
EVANTH,347,dis,2,105,3.5
EVANTH,359,lec,1,323,2.8
EVANTH,495,lec,1,326,2
FRENCH,101,lec,1,0,3.8
FRENCH,101,lec,2,0,2.7
FRENCH,101,lec,3,0,2.1
FRENCH,101,lec,4,0,3.1
FRENCH,102,lec,1,0,4.2
FRENCH,102,lec,2,0,4.8
FRENCH,102,lec,3,0,3
FRENCH,203,lec,1,0,0.1
FRENCH,203,lec,2,0,3.1
FRENCH,203,lec,3,0,1.7
FRENCH,203,lec,4,0,0.9
FRENCH,203,lec,5,0,2.5
FRENCH,204,lec,1,0,1.5
FRENCH,204,lec,2,0,3.6
FRENCH,204,lec,3,0,1.2
FRENCH,204,lec,4,0,1
FRENCH,301,lec,1,327,0.6
FRENCH,301,lec,2,327,2.7
FRENCH,302,lec,1,0,3
FRENCH,303,lec,1,328,1.9
FRENCH,303,lec,2,328,0.7
FRENCH,304,lec,1,0,2.5
FRENCH,325,lec,1,329,3.8
FRENCH,361,lec,1,330,2
GENOME,148,lec,1,89,4.7
GENOME,222,lec,1,331,3.7
GERMAN,101,lec,1,0,5
GERMAN,101,lec,2,0,4.5
GERMAN,101,lec,3,332,1.2
GERMAN,101,lec,4,332,1.4
GERMAN,102,lec,1,0,3.7
GERMAN,102,lec,2,333,2.7
GERMAN,102,lec,3,0,4.4
GERMAN,203,lec,1,0,2.5
GERMAN,203,lec,2,334,0.6
GERMAN,203,lec,3,0,2.6
GERMAN,204,lec,1,0,3.2
GERMAN,204,lec,2,0,4.7
GERMAN,210,lec,1,335,1.1
GERMAN,243,lec,1,282,2.2
GERMAN,305,lec,1,336,1.7
GERMAN,310,lec,1,335,1.9
GERMAN,323,lec,1,337,0.6
GERMAN,380,lec,1,338,4.4
GERMAN,387,lec,1,339,3.2
GERMAN,89,lec,1,340,1.8
GERMAN,89,lec,2,333,4
GLHLTH,101,lec,1,341,4.7
GLHLTH,142,lec,1,31,4.2
GLHLTH,153,lec,1,90,3.8
GLHLTH,189,lec,1,342,1.2
GLHLTH,196,lec,1,6,0.7
GLHLTH,208,lec,1,343,4.1
GLHLTH,210,lec,1,344,0.2
GLHLTH,215,lec,1,345,4.5
GLHLTH,216,lec,1,0,3.2
GLHLTH,273,lec,1,346,4.5
GLHLTH,275,lec,1,263,1.9
GLHLTH,303,lec,1,311,3
GLHLTH,321,lec,1,187,1.1
GLHLTH,325,lec,1,329,2
GLHLTH,326,lec,1,188,4.9
GLHLTH,326,lec,2,189,4.1
GLHLTH,340,lec,1,347,2.7
GLHLTH,353,lec,1,190,3.5
GLHLTH,362,lec,1,348,4.2
GLHLTH,371,lec,1,349,0.8
GLHLTH,495,lec,1,0,1.3
GLHLTH,499,lec,1,346,2.9
GREEK,101,lec,1,350,4
GREEK,203,lec,1,351,0.6
GREEK,328,lec,1,0,4.3
GSF,160,lec,1,0,3.8
GSF,195,lec,1,177,1.9
GSF,199,lec,1,17,1.6
GSF,208,lec,1,330,2.4
GSF,212,lec,1,193,2.6
GSF,216,lec,1,352,1.1
GSF,220,lec,1,345,1.7
GSF,221,lec,1,353,1.5
GSF,225,lec,1,0,0.1
GSF,230,lec,1,239,1.3
GSF,235,lec,1,354,1.4
GSF,245,lec,1,70,3.7
GSF,278,lec,1,185,2.5
GSF,325,lec,1,62,4.1
GSF,335,lec,1,355,4.1
GSF,350,lec,1,356,2.9
GSF,352,lec,1,357,4
GSF,361,lec,1,357,2.2
GSF,364,lec,1,17,0.1
GSF,369,lec,1,343,1
GSF,402,lec,1,20,2.2
GSF,412,lec,1,24,4.7
GSF,499,lec,1,0,1.5
GSF,89,lec,1,358,4.5
GSF,89,lec,2,359,3.7
GSF,89,lec,3,0,0.2
GSF,89,lec,4,0,1.2
HEBREW,101,lec,1,0,1.9
HEBREW,101,dis,1,0,0.2
HEBREW,203,lec,1,0,3.7
HEBREW,305,lec,1,0,2.6
HINDI,101,lec,1,360,4.9
HINDI,101,dis,1,360,4
HINDI,203,lec,1,360,1.4
HINDI,203,dis,1,360,1.8
HINDI,305,lec,1,33,2.5
HINDI,407,lec,1,33,0.2
HISTORY,101,lec,1,361,1.5
HISTORY,103,lec,1,177,3.6
HISTORY,105,lec,1,2,1.6
HISTORY,108,lec,1,3,0.9
HISTORY,114,lec,1,362,3.4
HISTORY,121,lec,1,301,3.8
HISTORY,125,lec,1,58,3.1
HISTORY,126,lec,1,203,2.3
HISTORY,127,lec,1,225,1.1
HISTORY,128,lec,1,363,2.1
HISTORY,129,lec,1,1,3.2
HISTORY,130,lec,1,364,3.7
HISTORY,130,dis,1,364,1
HISTORY,130,dis,2,364,1.2
HISTORY,130,dis,3,364,0.4
HISTORY,130,dis,4,364,4.6
HISTORY,135,lec,1,24,1
HISTORY,160,lec,1,0,4.9
HISTORY,171,lec,1,365,3.2
HISTORY,179,lec,1,366,2.6
HISTORY,185,lec,1,367,4.1
HISTORY,202,lec,1,352,1.4
HISTORY,204,lec,1,0,4.6
HISTORY,208,lec,1,8,2.3
HISTORY,214,lec,1,30,2.4
HISTORY,215,lec,1,34,2.5
HISTORY,219,lec,1,34,0.8
HISTORY,222,lec,1,301,1.5
HISTORY,226,lec,1,0,1.9
HISTORY,228,lec,1,47,4.3
HISTORY,230,lec,1,0,3.1
HISTORY,234,lec,1,156,0.1
HISTORY,239,lec,1,31,3.8
HISTORY,240,lec,1,0,4.8
HISTORY,242,lec,1,183,1.1
HISTORY,248,lec,1,29,5
HISTORY,249,lec,1,343,0.7
HISTORY,254,lec,1,367,4
HISTORY,260,lec,1,368,3.7
HISTORY,261,lec,1,339,4.8
HISTORY,265,lec,1,45,0.3
HISTORY,277,lec,1,369,2.3
HISTORY,278,lec,1,370,0.7
HISTORY,279,lec,1,370,3.9
HISTORY,289,lec,1,355,4.1
HISTORY,297,lec,1,0,2.9
HISTORY,305,lec,1,235,3.2
HISTORY,307,lec,1,236,4.2
HISTORY,308,lec,1,237,4.6
HISTORY,316,lec,1,9,0.4
HISTORY,318,lec,1,9,4.4
HISTORY,325,lec,1,225,4.9
HISTORY,328,lec,1,7,4.5
HISTORY,331,lec,1,371,1.2
HISTORY,333,lec,1,371,0.3
HISTORY,336,lec,1,372,3.2
HISTORY,352,lec,1,373,3.7
HISTORY,357,lec,1,374,4.3
HISTORY,362,lec,1,366,0.3
HISTORY,379,lec,1,35,1.2
HISTORY,380,lec,1,50,4.2
HISTORY,384,lec,1,31,2.6
HISTORY,385,lec,1,19,3.8
HISTORY,386,lec,1,8,0.5
HISTORY,454,lec,1,24,3.7
HISTORY,470,lec,1,364,4.4
HISTORY,472,lec,1,352,3
HISTORY,473,lec,1,49,1.5
HISTORY,495,lec,1,375,3.8
HISTORY,89,lec,1,376,2
HISTORY,89,lec,2,359,2.2
HUMANDEV,224,lec,1,0,4.6
I&E,261,lec,1,377,4.5
I&E,261,lec,2,377,1.7
I&E,263,lec,1,346,0.2
I&E,302,lec,1,187,4.1
I&E,311,lec,1,198,2.8
I&E,375,lec,1,248,3.3
I&E,395,lec,1,378,0.2
ICS,101,lec,1,175,2.7
ICS,102,lec,1,193,3.8
ICS,110,lec,1,1,3
ICS,111,lec,1,201,3
ICS,121,lec,1,301,4.4
ICS,128,lec,1,312,5
ICS,179,lec,1,366,2.2
ICS,195,lec,1,177,2.5
ICS,208,lec,1,343,1.4
ICS,209,lec,1,9,2
ICS,212,lec,1,282,1.7
ICS,213,lec,1,15,4.7
ICS,215,lec,1,193,3.5
ICS,216,lec,1,352,4.3
ICS,217,lec,1,35,2
ICS,256,lec,1,34,5
ICS,262,lec,1,55,4.3
ICS,268,lec,1,0,5
ICS,271,lec,1,316,2.4
ICS,275,lec,1,0,3.9
ICS,276,lec,1,370,3.9
ICS,289,lec,1,370,1.9
ICS,302,lec,1,41,3.3
ICS,305,lec,1,235,2.5
ICS,307,lec,1,379,2.4
ICS,320,lec,1,18,2.9
ICS,323,lec,1,29,0.6
ICS,328,lec,1,1,2
ICS,332,lec,1,329,2.7
ICS,333,lec,1,47,4.4
ICS,335,lec,1,355,1.4
ICS,336,lec,1,47,3
ICS,344,lec,1,184,2.4
ICS,346,lec,1,371,2
ICS,348,lec,1,239,1.6
ICS,353,lec,1,190,1.9
ICS,369,lec,1,48,0.5
ICS,377,lec,1,292,0.5
ICS,379,lec,1,249,1.4
ICS,380,lec,1,50,3.1
ICS,389,lec,1,43,2.5
ICS,395,lec,1,179,3.1
ICS,397,lec,1,344,4.3
ICS,399,lec,1,192,3.3
ICS,410,lec,1,49,1.2
ICS,412,lec,1,24,2.8
ICS,424,lec,1,187,0.4
ICS,452,lec,1,252,4.6
ICS,489,lec,1,0,4.3
ICS,489,lec,2,0,1.1
ICS,495,lec,1,380,2.8
ISS,110,lec,1,159,1.8
ISS,112,lec,1,381,2.3
ISS,198,lec,1,52,1.6
ISS,268,lec,1,382,5
ISS,279,lec,1,383,1.6
ISS,305,lec,1,73,3.1
ISS,305,lab,1,73,0.5
ISS,315,lec,1,74,0.9
ISS,320,lec,1,384,0.8
ISS,323,lec,1,18,4.5
ISS,366,lec,1,385,0.3
ISS,366,lab,1,385,2.3
ISS,435,lec,1,51,4.9
ITALIAN,101,lec,1,0,2.2
ITALIAN,101,lec,2,0,1.5
ITALIAN,101,lec,3,0,2.2
ITALIAN,101,lec,4,0,3.9
ITALIAN,101,lec,5,0,4
ITALIAN,102,lec,1,0,2.9
ITALIAN,102,lec,3,0,0.8
ITALIAN,102,lec,4,0,1.5
ITALIAN,102,lec,5,0,1.7
ITALIAN,112,lec,1,0,1.9
ITALIAN,203,lec,1,0,3.6
ITALIAN,203,lec,2,0,0.2
ITALIAN,203,lec,3,0,1.2
ITALIAN,203,lec,4,0,3.1
ITALIAN,203,lec,5,0,1.1
ITALIAN,203,lec,6,0,4.1
ITALIAN,220,lec,1,282,0.3
ITALIAN,301,lec,1,0,3.7
ITALIAN,388,lec,1,191,1.5
JEWISHST,101,lec,1,0,3.8
JEWISHST,101,dis,1,0,4.4
JEWISHST,148,lec,1,42,1.6
JEWISHST,190,lec,1,386,3.5
JEWISHST,190,lec,2,387,2.7
JEWISHST,203,lec,1,0,0.9
JEWISHST,243,lec,1,282,0.1
JEWISHST,258,lec,1,30,2.9
JEWISHST,301,lec,1,46,5
JEWISHST,301,dis,1,46,2.2
JEWISHST,301,dis,2,46,0.1
JEWISHST,301,dis,3,46,4.5
JEWISHST,301,dis,4,46,2
JEWISHST,305,lec,1,0,4.2
JEWISHST,342,lec,1,0,3.2
JEWISHST,369,lec,1,339,1.9
JPN,101,lec,1,388,3.3
JPN,101,lec,2,388,3.1
JPN,101,dis,1,388,1.6
JPN,101,dis,2,388,1.6
JPN,203,lec,1,389,4.1
JPN,203,lec,2,389,4.8
JPN,203,dis,1,389,2.2
JPN,203,dis,2,389,4.4
JPN,305,lec,1,390,1.5
KICHE,101,lec,1,0,2.1
KICHE,203,lec,1,0,0.4
KOREAN,101,lec,1,391,0.1
KOREAN,101,lec,2,391,2.8
KOREAN,101,dis,1,391,3.3
KOREAN,101,dis,2,391,3.9
KOREAN,203,lec,1,392,2.4
KOREAN,203,lec,2,392,2.4
KOREAN,203,dis,1,392,3.2
KOREAN,203,dis,2,392,4.5
KOREAN,305,lec,1,392,2.6
KOREAN,455,lec,1,393,4.4
LATAMER,121,lec,1,301,3.3
LATAMER,222,lec,1,301,0.7
LATAMER,246,lec,1,183,1
LATAMER,320,lec,1,18,1.4
LATAMER,328,lec,1,7,1.4
LATAMER,343,lec,1,23,2.7
LATAMER,89,lec,2,394,1.4
LATIN,101,lec,1,395,1.7
LATIN,101,lec,2,396,1.6
LATIN,101,lec,3,397,2.3
LATIN,203,lec,1,396,3.8
LATIN,203,lec,2,398,3.2
LATIN,203,lec,3,399,3.9
LATIN,251,lec,1,396,2.9
LATIN,332,lec,1,0,4.7
LATIN,368,lec,1,0,2.2
LINGUIST,201,lec,1,178,0.8
LINGUIST,201,lec,2,179,4.7
LINGUIST,212,lec,1,192,0.8
LINGUIST,216,lec,1,400,2.2
LINGUIST,217,lec,1,178,4.9
LINGUIST,301,lec,1,0,0.7
LINGUIST,304,lec,1,0,3.4
LINGUIST,451,lec,1,179,1
LIT,201,lec,1,294,1.1
LIT,202,lec,1,181,0.2
LIT,211,lec,1,33,3.5
LIT,220,lec,1,0,1.3
LIT,225,lec,1,55,4.4
LIT,244,lec,1,282,2.2
LIT,251,lec,1,38,0.4
LIT,262,lec,1,330,4.4
LIT,280,lec,1,338,1.3
LIT,295,lec,1,357,0.3
LIT,320,lec,1,18,0.6
LIT,325,lec,1,62,2.1
LIT,336,lec,1,401,3.1
LIT,343,lec,1,13,4.9
LIT,350,lec,1,356,2.3
LIT,351,lec,1,292,1.8
LIT,361,lec,1,48,3
LIT,369,lec,1,339,4
LIT,380,lec,1,180,0.8
LIT,382,lec,1,13,2.3
LIT,490,lec,1,294,2.6
LIT,89,lec,1,76,0.6
LIT,89,lec,2,394,4
LIT,89,lec,3,320,3
LSGS,306,lec,1,188,4.8
LSGS,306,lec,2,189,3
LSGS,308,lec,1,0,2.2
LSGS,336,lec,1,401,3.3
LSGS,350,lec,1,356,0.6
MATH,105,lec,1,0,1.7
MATH,105,lec,2,0,1.4
MATH,105,lec,3,0,4.4
MATH,105,lab,1,0,1.9
MATH,105,lab,2,0,1.9
MATH,105,lab,3,0,3.3
MATH,106,lec,1,0,0.2
MATH,106,lab,1,0,1.9
MATH,111,lec,1,0,1.9
MATH,111,lec,2,0,1.8
MATH,111,lec,3,0,4.2
MATH,111,lec,4,0,3.1
MATH,111,lec,5,0,1.7
MATH,111,lec,6,0,3.8
MATH,111,lec,7,0,2.7
MATH,111,lab,1,0,4.3
MATH,111,lab,2,0,0.4
MATH,111,lab,3,0,4.2
MATH,111,lab,4,0,1
MATH,111,lab,5,0,3.1
MATH,111,lab,6,0,2.3
MATH,111,lab,7,0,0.5
MATH,112,lec,1,0,2.4
MATH,112,lec,2,0,4.7
MATH,112,lab,1,0,0.5
MATH,112,lab,2,0,2
MATH,122,lec,1,0,3.9
MATH,122,lec,2,0,2.8
MATH,122,lec,3,0,0.5
MATH,122,lec,4,0,3
MATH,122,lec,5,0,2.4
MATH,122,lec,6,0,4.8
MATH,122,lec,7,0,2.8
MATH,122,lab,1,0,5
MATH,122,lab,2,0,0.1
MATH,122,lab,3,0,0.9
MATH,122,lab,4,0,1.5
MATH,122,lab,5,0,4.8
MATH,122,lab,6,0,0.6
MATH,122,lab,7,0,4.1
MATH,165,lec,1,402,3.5
MATH,202,lec,1,403,3.2
MATH,202,dis,1,0,3.4
MATH,202,dis,2,0,0.3
MATH,202,dis,3,0,1.4
MATH,202,dis,4,0,1.3
MATH,212,lec,1,0,0.4
MATH,212,lec,2,0,3.7
MATH,212,lec,3,0,0.9
MATH,212,lec,4,0,4.5
MATH,212,lec,5,0,0.7
MATH,216,lec,1,404,4.6
MATH,216,dis,1,0,0.7
MATH,216,dis,2,0,2
MATH,216,dis,3,0,2.6
MATH,216,dis,4,0,2.4
MATH,218,lec,1,405,1.7
MATH,218,lec,2,406,1.4
MATH,218,lec,3,406,1.6
MATH,218,lec,4,0,1.1
MATH,218,lab,1,405,3.8
MATH,221,lec,1,0,4.4
MATH,221,lec,2,0,1.2
MATH,221,lec,3,0,4
MATH,221,lec,4,0,0.8
MATH,221,lec,5,0,2.4
MATH,228,lec,1,407,3.7
MATH,228,lab,1,407,0.7
MATH,230,lec,1,408,1.3
MATH,230,lec,2,409,3.9
MATH,230,lec,3,410,0.9
MATH,230,lec,4,0,3.8
MATH,230,lec,5,410,4.4
MATH,238,lec,1,221,3.7
MATH,238,lab,1,221,2.8
MATH,245,lec,1,411,4.7
MATH,281,lec,1,412,0.2
MATH,305,lec,1,413,2.5
MATH,323,lec,1,0,2.1
MATH,333,lec,1,414,2.1
MATH,340,lec,1,0,3.5
MATH,353,lec,1,0,1.6
MATH,353,lec,2,0,5
MATH,353,lec,3,0,1
MATH,353,lec,4,0,1.4
MATH,353,lec,5,0,1.6
MATH,353,lec,6,0,4.5
MATH,356,lec,1,415,1.6
MATH,356,lec,2,415,2.7
MATH,371,lec,1,0,3.9
MATH,401,lec,1,416,4.3
MATH,412,lec,1,172,2.5
MATH,431,lec,1,417,2.5
MATH,431,lec,2,417,4.2
MATH,431,lec,3,418,2.5
MATH,465,lec,1,173,3
MATH,89,lec,1,419,2.9
ME,344,lec,1,218,1.4
ME,344,lab,1,218,1.9
ME,344,lab,2,218,0.8
ME,344,lab,3,218,1.3
ME,344,lab,4,218,2.8
ME,426,lec,1,220,3.6
MEDREN,105,lec,1,2,1
MEDREN,128,lec,1,363,4
MEDREN,135,lec,1,24,2.6
MEDREN,201,lec,1,420,3
MEDREN,254,lec,1,367,3.5
MEDREN,255,lec,1,9,1.1
MEDREN,287,lec,1,368,1.3
MEDREN,314,lec,1,320,4.8
MEDREN,331,lec,1,289,5
MEDREN,337,lec,1,290,0.8
MEDREN,390,lec,2,421,0.6
MEDREN,89,lec,1,320,4.8
MEDREN,89,lec,2,75,0.6
MGM,120,lec,1,422,4.9
MGM,222,lec,1,331,3.6
MGM,325,lec,1,107,1.3
MILITSCI,101,lec,1,423,0.1
MILITSCI,201,lec,1,423,3.1
MILITSCI,301,lec,1,423,4.2
MILITSCI,401,lec,1,423,0.7
MILITSCI,91,lec,1,423,3.7
MILITSCI,93,lec,1,423,2.7
MMS,195,lec,1,424,1.6
MMS,210,lec,1,425,1.5
MMS,272,lec,1,426,3.5
MMS,370,lec,1,427,3.1
MMS,380,lec,1,428,2.7
MMS,395,lec,1,378,2.6
MMS,450,lec,1,426,4.3
MMS,450,lec,2,428,3.5
MMS,450,lec,3,429,4.6
NAVALSCI,101,lec,1,430,1.4
NAVALSCI,189,lab,1,430,4.3
NAVALSCI,213,lec,1,431,0.4
NAVALSCI,289,lab,1,432,2.2
NAVALSCI,331,lec,1,432,3
NAVALSCI,353,lec,1,433,2
NAVALSCI,353,lab,1,433,2.8
NAVALSCI,389,lab,1,433,0.7
NAVALSCI,423,lec,1,434,3.6
NAVALSCI,489,lab,1,433,4.3
NEUROSCI,101,lec,1,438,2.5
NEUROSCI,101,dis,1,438,2.4
NEUROSCI,101,dis,2,438,2.3
NEUROSCI,101,dis,3,438,0.8
NEUROSCI,101,dis,4,438,2.4
NEUROSCI,101,dis,5,438,0.8
NEUROSCI,101,dis,6,438,3.1
NEUROSCI,102,lec,1,439,3.3
NEUROSCI,116,lec,1,400,3.5
NEUROSCI,153,lec,1,440,2.7
NEUROSCI,201,lec,1,102,4.7
NEUROSCI,211,lec,1,441,2.6
NEUROSCI,212,lec,1,442,3.3
NEUROSCI,212,dis,1,442,0.1
NEUROSCI,212,dis,2,442,2.9
NEUROSCI,223,lec,1,101,2.5
NEUROSCI,223,dis,1,101,4.3
NEUROSCI,223,dis,2,101,1.1
NEUROSCI,250,lec,1,356,4.4
NEUROSCI,268,lec,1,106,1
NEUROSCI,268,dis,1,106,2.3
NEUROSCI,277,lec,1,443,0.5
NEUROSCI,278,lec,1,185,2
NEUROSCI,288,lec,1,444,0.2
NEUROSCI,350,lec,1,445,2.2
NEUROSCI,352,lec,1,446,3.8
NEUROSCI,373,lec,1,447,3.5
NEUROSCI,380,lab,1,448,3.6
NEUROSCI,382,lec,1,449,1.7
NEUROSCI,382,lab,1,449,3.5
NEUROSCI,383,lec,1,450,0.8
NEUROSCI,383,lab,1,450,3.9
NEUROSCI,388,lec,1,113,2.9
NEUROSCI,388,lab,1,113,2.3
NEUROSCI,427,lec,1,114,3.4
NEUROSCI,451,lec,1,451,3.3
NEUROSCI,461,lec,1,102,3.9
NEUROSCI,469,lec,1,452,1.2
NEUROSCI,89,lec,1,73,0.7
PERSIAN,101,lec,1,453,3.5
PERSIAN,203,lec,1,453,2.2
PHIL,101,lec,1,238,0.3
PHIL,103,lec,1,0,4.1
PHIL,103,lec,2,0,3.5
PHIL,103,lec,3,0,1.8
PHIL,110,lec,1,159,1.9
PHIL,124,lec,1,454,1.8
PHIL,150,lec,1,0,0.8
PHIL,150,lec,2,0,2.6
PHIL,150,lec,3,0,2.4
PHIL,201,lec,1,455,0.8
PHIL,203,lec,1,157,3.5
PHIL,211,lec,1,0,3.2
PHIL,246,lec,1,244,4.5
PHIL,263,lec,1,44,3.4
PHIL,270,lec,1,316,4.7
PHIL,286,lec,1,338,2
PHIL,312,lec,1,237,4.4
PHIL,345,lec,1,238,1.8
PHIL,465,lec,1,226,2.3
PHIL,89,lec,1,316,3.8
PHYSEDU,104,lec,1,456,2.2
PHYSEDU,105,lec,1,456,4.7
PHYSEDU,105,lec,2,456,0.3
PHYSEDU,106,lec,1,456,2.7
PHYSEDU,109,lec,1,457,4.7
PHYSEDU,110,lec,1,457,4
PHYSEDU,112,lec,1,456,0.2
PHYSEDU,113,lec,1,458,1.3
PHYSEDU,113,lec,2,458,3.5
PHYSEDU,116,lec,1,459,1.7
PHYSEDU,116,lec,2,459,4.2
PHYSEDU,117,lec,1,460,0.9
PHYSEDU,117,lec,2,460,3.9
PHYSEDU,122,lec,1,461,3.7
PHYSEDU,124,lec,1,462,1.3
PHYSEDU,131,lec,1,463,3.4
PHYSEDU,131,lec,2,463,2.6
PHYSEDU,132,lec,1,463,1.5
PHYSEDU,132,lec,2,463,2.5
PHYSEDU,132,lec,3,463,2.7
PHYSEDU,133,lec,1,463,4.7
PHYSEDU,143,lec,1,464,0.7
PHYSEDU,144,lec,1,464,1.7
PHYSEDU,144,lec,2,464,4.3
PHYSEDU,150,lec,1,456,0.2
PHYSEDU,160,lec,1,457,0.7
PHYSEDU,165,lec,1,465,2.6
PHYSEDU,167,lec,1,465,4
PHYSEDU,170,lec,1,460,2.6
PHYSEDU,170,lec,2,460,4.7
PHYSEDU,171,lec,1,460,2.6
PHYSEDU,203,lec,1,466,1.1
PHYSEDU,207,lec,1,459,0.5
PHYSEDU,212,lec,1,467,3.8
PHYSEDU,224,lec,1,468,1.6
PHYSEDU,240,lec,1,461,1.2
PHYSEDU,241,lec,1,469,4.9
PHYSEDU,89,lec,1,464,0.7
PHYSICS,134,lec,1,470,1.8
PHYSICS,136,lec,1,471,4.8
PHYSICS,141,dis,1,472,4.6
PHYSICS,141,dis,2,472,3.9
PHYSICS,141,dis,3,472,0.8
PHYSICS,141,dis,4,472,2.1
PHYSICS,141,dis,5,472,4.9
PHYSICS,141,dis,6,472,1
PHYSICS,141,lec,1,473,3.9
PHYSICS,141,lec,2,473,3.8
PHYSICS,141,lec,3,473,3
PHYSICS,141,lec,4,473,2.6
PHYSICS,141,lab,1,474,4.4
PHYSICS,141,lab,2,474,0.9
PHYSICS,141,lab,3,474,2.8
PHYSICS,141,lab,4,474,3.5
PHYSICS,141,lab,5,474,2.8
PHYSICS,141,lab,6,474,1.6
PHYSICS,141,lab,7,474,4.6
PHYSICS,141,lab,8,474,3.5
PHYSICS,142,lec,1,475,3.7
PHYSICS,142,lab,1,474,4.6
PHYSICS,142,lab,2,474,1.6
PHYSICS,142,lab,3,474,3.2
PHYSICS,142,dis,1,476,0.7
PHYSICS,142,dis,2,476,2.5
PHYSICS,142,dis,3,476,3.5
PHYSICS,152,lec,1,477,4.3
PHYSICS,152,lec,2,477,1.7
PHYSICS,152,lab,1,477,4.2
PHYSICS,152,lab,2,477,3.8
PHYSICS,152,lab,3,477,4.2
PHYSICS,152,lab,4,477,4.1
PHYSICS,152,lab,5,477,3.6
PHYSICS,152,lab,6,477,5
PHYSICS,152,lab,7,477,4
PHYSICS,152,lab,8,477,2.4
PHYSICS,152,lab,9,477,0.5
PHYSICS,152,lab,10,477,2
PHYSICS,152,lab,11,477,2
PHYSICS,152,dis,1,477,1.6
PHYSICS,152,dis,2,477,0.8
PHYSICS,152,dis,3,477,3
PHYSICS,152,dis,4,477,3.8
PHYSICS,152,dis,5,477,1.1
PHYSICS,152,dis,6,477,5
PHYSICS,152,dis,7,477,4.2
PHYSICS,152,dis,8,477,4.8
PHYSICS,152,dis,9,477,0.8
PHYSICS,152,dis,10,477,2
PHYSICS,152,dis,11,477,4.3
PHYSICS,152,dis,12,477,0.8
PHYSICS,161,lec,1,478,0.9
PHYSICS,161,dis,1,0,1
PHYSICS,162,lec,1,478,2.6
PHYSICS,162,dis,1,478,4.4
PHYSICS,164,lab,1,479,1.2
PHYSICS,165,lab,1,474,2.6
PHYSICS,174,lec,1,480,3.4
PHYSICS,264,lec,1,481,0.3
PHYSICS,264,lab,1,482,4.3
PHYSICS,264,lab,2,482,1.6
PHYSICS,264,lab,3,482,2.7
PHYSICS,320,lec,1,216,1.4
PHYSICS,320,lab,1,216,2.5
PHYSICS,362,lec,1,483,4.8
PHYSICS,362,dis,1,483,3.6
PHYSICS,414,lec,1,111,3.3
PHYSICS,417,lec,1,484,4.6
PHYSICS,464,lec,1,485,3.7
PHYSICS,464,dis,1,485,3.2
PHYSICS,89,lec,1,486,5
PJMS,112,lec,1,381,3.3
PJMS,135,lec,1,204,0.7
PJMS,365,lec,1,61,3.9
PJMS,366,lec,1,206,0.3
PJMS,367,lec,1,487,1.5
PJMS,371,lec,1,0,1.3
PJMS,375,lec,1,488,3.6
PJMS,397,lec,1,489,1.5
PJMS,410,lec,1,490,0.3
POLISH,101,lec,1,0,3.1
POLSCI,105,lec,1,58,5
POLSCI,108,lec,1,1,1.1
POLSCI,110,lec,1,177,0.2
POLSCI,120,lec,1,311,2.1
POLSCI,145,lec,1,226,3.2
POLSCI,150,lec,1,313,4
POLSCI,159,lec,1,42,2.2
POLSCI,160,lec,1,491,1.8
POLSCI,160,dis,1,0,0.9
POLSCI,160,dis,2,0,1.7
POLSCI,170,lec,1,156,0.5
POLSCI,176,lec,1,312,3.6
POLSCI,189,lec,1,492,4.1
POLSCI,195,lec,1,454,2.9
POLSCI,203,lec,1,0,2.4
POLSCI,205,lec,1,16,1.4
POLSCI,211,lec,1,156,2.6
POLSCI,213,lec,1,132,1.4
POLSCI,221,lec,1,8,2
POLSCI,229,lec,1,493,2.6
POLSCI,231,lec,1,494,2.6
POLSCI,231,dis,1,0,4.9
POLSCI,232,lec,1,495,1.5
POLSCI,233,lec,1,496,4.9
POLSCI,235,lec,1,15,4
POLSCI,236,lec,1,15,3.5
POLSCI,238,lec,1,16,2.5
POLSCI,242,lec,1,497,1.8
POLSCI,242,dis,1,0,4.7
POLSCI,242,dis,2,0,0.2
POLSCI,242,dis,3,0,2.9
POLSCI,242,dis,4,0,2.6
POLSCI,258,lec,1,232,0.6
POLSCI,258,dis,1,232,4.8
POLSCI,258,dis,2,0,4.1
POLSCI,262,lec,1,0,3.5
POLSCI,273,lec,1,39,1.5
POLSCI,275,lec,1,0,1.1
POLSCI,279,lec,1,498,0.6
POLSCI,301,lec,1,371,1.7
POLSCI,303,lec,1,46,1.9
POLSCI,303,dis,1,46,0.1
POLSCI,303,dis,2,46,3.5
POLSCI,303,dis,3,46,0.4
POLSCI,303,dis,4,46,4.4
POLSCI,310,lec,1,499,5
POLSCI,310,lec,2,0,4.8
POLSCI,310,dis,1,499,2.5
POLSCI,310,dis,2,499,1.6
POLSCI,310,dis,3,499,4.1
POLSCI,310,dis,4,0,0.5
POLSCI,310,dis,5,0,1.7
POLSCI,310,dis,6,0,0.9
POLSCI,315,lec,1,379,4.2
POLSCI,317,lec,1,500,1.1
POLSCI,319,lec,1,15,2.3
POLSCI,322,lec,1,501,1
POLSCI,326,lec,1,502,3.1
POLSCI,327,lec,1,242,0.2
POLSCI,331,lec,1,244,1.1
POLSCI,333,lec,1,493,1.5
POLSCI,335,lec,1,503,4
POLSCI,337,lec,1,8,0.7
POLSCI,338,lec,1,494,3.8
POLSCI,359,lec,1,371,4.9
POLSCI,371,lec,1,180,3.9
POLSCI,378,lec,1,338,5
POLSCI,379,lec,1,45,0.9
POLSCI,381,lec,1,0,3.6
POLSCI,390,lec,1,15,2.9
POLSCI,390,lec,1,504,4.6
POLSCI,390,lec,1,505,3.2
POLSCI,402,lec,1,491,1.5
POLSCI,435,lec,1,51,4.3
POLSCI,449,lec,1,226,4.1
POLSCI,468,lec,1,506,4.4
POLSCI,89,lec,15,318,0.9
PORTUGUE,101,lec,1,507,4.3
PORTUGUE,203,lec,1,508,3.5
PORTUGUE,301,lec,1,507,3.8
PSY,101,lec,1,509,2.9
PSY,101,dis,1,509,1.8
PSY,101,dis,2,509,1.2
PSY,101,dis,3,509,2.2
PSY,101,dis,4,509,2.3
PSY,101,dis,5,509,4
PSY,101,dis,6,509,2.8
PSY,101,dis,7,509,2.6
PSY,101,dis,8,509,3.9
PSY,101,dis,9,509,3.3
PSY,101,dis,10,509,1.1
PSY,101,dis,11,509,1.1
PSY,101,dis,12,509,2.6
PSY,101,dis,13,509,4.3
PSY,101,dis,14,509,0.9
PSY,101,dis,15,509,2.1
PSY,101,dis,16,509,3.2
PSY,101,dis,17,509,0.5
PSY,101,dis,18,509,1.4
PSY,101,dis,19,509,4.4
PSY,101,dis,20,509,0.8
PSY,102,lec,1,510,4.1
PSY,102,dis,1,510,1.3
PSY,102,dis,2,510,2.8
PSY,102,dis,3,510,3.7
PSY,102,dis,4,510,2.4
PSY,103,lec,1,25,4.4
PSY,103,dis,1,25,3.2
PSY,103,dis,2,25,4.4
PSY,103,dis,3,25,1.3
PSY,103,dis,4,25,0.4
PSY,104,lec,1,511,0.6
PSY,105,lec,1,512,0.2
PSY,105,dis,1,512,4.6
PSY,105,dis,2,512,1.8
PSY,105,dis,3,512,0.1
PSY,105,dis,4,512,2.8
PSY,106,lec,1,438,0.3
PSY,106,dis,1,438,4.3
PSY,106,dis,2,438,2.2
PSY,106,dis,3,438,0.9
PSY,106,dis,4,438,2
PSY,106,dis,5,438,2.9
PSY,106,dis,6,438,3.5
PSY,107,lec,1,439,2.2
PSY,141,lec,1,200,2.7
PSY,196,lec,1,6,0.1
PSY,202,lec,1,513,1.7
PSY,202,lec,2,513,1.2
PSY,202,lab,1,513,2.4
PSY,202,lab,2,513,3.7
PSY,207,lec,1,514,0.8
PSY,209,lec,1,515,1.3
PSY,212,lec,1,516,4
PSY,214,lec,1,459,0.2
PSY,215,lec,1,517,0.1
PSY,220,lec,1,518,2.5
PSY,223,lec,1,519,4.6
PSY,226,lec,1,185,3.7
PSY,240,lec,1,259,1.7
PSY,240,lec,2,258,2.8
PSY,257,lec,1,442,3.5
PSY,257,dis,1,442,4.9
PSY,257,dis,2,442,0.1
PSY,275,lec,1,102,4.7
PSY,276,lec,1,441,1.9
PSY,277,lec,1,443,0.9
PSY,279,lec,1,447,0.9
PSY,280,lec,1,446,2.8
PSY,288,lec,1,444,3.7
PSY,302,lec,1,450,2
PSY,302,lab,1,450,3.7
PSY,303,lec,1,449,2.8
PSY,303,lab,1,449,4.9
PSY,309,lec,1,349,1.4
PSY,316,lec,1,354,1
PSY,319,lec,1,512,0.7
PSY,326,lec,1,502,3.4
PSY,337,lec,1,520,2.3
PSY,375,lab,1,448,1.7
PSY,425,lec,1,521,1
PSY,435,lec,1,25,0.1
PSY,451,lec,1,451,4.6
PSY,453,lec,1,522,4.7
PSY,461,lec,1,102,1.2
PSY,469,lec,1,452,3.6
PSY,474,lec,1,523,3.5
PSY,89,lec,1,523,2.3
PUBPOL,110,lec,1,159,1
PUBPOL,155,lec,1,524,2.5
PUBPOL,155,dis,1,524,0.5
PUBPOL,155,dis,2,524,4.1
PUBPOL,155,dis,3,524,3.8
PUBPOL,155,dis,4,524,4.9
PUBPOL,155,dis,5,524,0.4
PUBPOL,155,dis,6,524,4.4
PUBPOL,155,dis,7,524,3.3
PUBPOL,155,dis,8,524,0.7
PUBPOL,155,dis,9,524,3.5
PUBPOL,160,lec,1,362,0.2
PUBPOL,165,lec,1,525,3.1
PUBPOL,166,lec,1,491,1.5
PUBPOL,166,dis,1,0,1.1
PUBPOL,166,dis,2,0,3.9
PUBPOL,167,lec,1,313,4.8
PUBPOL,170,lec,1,58,3
PUBPOL,178,lec,1,42,2.3
PUBPOL,181,lec,1,312,1.2
PUBPOL,182,lec,1,526,3.8
PUBPOL,182,lec,2,526,3.7
PUBPOL,183,lec,1,260,2.4
PUBPOL,185,lec,1,440,0.1
PUBPOL,186,lec,1,422,1.8
PUBPOL,187,lec,1,225,0.8
PUBPOL,196,lec,1,6,3.3
PUBPOL,199,lec,1,527,4.6
PUBPOL,206,lec,1,132,0.7
PUBPOL,213,lec,1,35,3.3
PUBPOL,214,lec,1,8,4.9
PUBPOL,220,lec,1,373,1.5
PUBPOL,223,lec,1,192,1.3
PUBPOL,232,lec,1,374,1.5
PUBPOL,242,lec,1,147,4
PUBPOL,243,lec,1,261,3.7
PUBPOL,250,lec,1,192,2.5
PUBPOL,256,lec,1,377,2.8
PUBPOL,256,lec,2,377,3.9
PUBPOL,257,lec,1,233,3.2
PUBPOL,259,lec,1,528,1.6
PUBPOL,260,lec,1,529,2.9
PUBPOL,265,lec,1,530,0.6
PUBPOL,270,lec,1,531,2
PUBPOL,282,lec,1,371,2.3
PUBPOL,284,lec,1,225,0.3
PUBPOL,285,lec,1,15,2.8
PUBPOL,288,lec,1,243,3.1
PUBPOL,290,lec,1,532,3.8
PUBPOL,301,lec,1,499,0.4
PUBPOL,301,lec,2,0,1.7
PUBPOL,301,dis,1,499,4.3
PUBPOL,301,dis,2,499,4
PUBPOL,301,dis,3,499,3.2
PUBPOL,301,dis,4,0,2.4
PUBPOL,301,dis,5,0,3.2
PUBPOL,301,dis,6,0,1.3
PUBPOL,302,lec,1,533,0.7
PUBPOL,302,lec,2,534,3
PUBPOL,302,dis,1,533,3.1
PUBPOL,302,dis,2,533,0.5
PUBPOL,302,dis,3,533,2.6
PUBPOL,302,dis,4,534,1
PUBPOL,302,dis,5,534,4.8
PUBPOL,302,dis,6,534,3.9
PUBPOL,303,lec,1,0,0.8
PUBPOL,303,lec,2,0,2.8
PUBPOL,303,dis,1,0,4
PUBPOL,303,dis,2,0,4.6
PUBPOL,303,dis,3,0,4.2
PUBPOL,303,dis,4,0,3.7
PUBPOL,303,dis,5,0,2.4
PUBPOL,304,lec,1,240,1.6
PUBPOL,304,lec,2,241,4.5
PUBPOL,306,lec,1,1,4
PUBPOL,313,lec,1,46,4.5
PUBPOL,313,dis,1,46,2.5
PUBPOL,313,dis,2,46,2.2
PUBPOL,313,dis,3,46,2.7
PUBPOL,313,dis,4,46,0.3
PUBPOL,317,lec,1,371,1.3
PUBPOL,327,lec,1,8,3.5
PUBPOL,330,lec,1,344,4.6
PUBPOL,343,lec,1,488,2.6
PUBPOL,363,lec,1,198,3.7
PUBPOL,365,lec,1,61,1.2
PUBPOL,366,lec,1,206,4
PUBPOL,367,lec,1,487,2.8
PUBPOL,371,lec,1,0,0.1
PUBPOL,377,lec,1,80,2.2
PUBPOL,397,lec,1,489,2.8
PUBPOL,410,lec,1,490,2.5
PUBPOL,415,lec,1,524,1.4
PUBPOL,496,lec,1,225,3
PUBPOL,496,lec,2,535,0.3
PUBPOL,496,lec,3,536,1.5
PUBPOL,496,lec,4,537,3
RELIGION,101,lec,1,538,0.2
RELIGION,110,lec,1,27,1.7
RELIGION,120,lec,1,28,3.6
RELIGION,155,lec,1,539,4.4
RELIGION,181,lec,1,24,3.9
RELIGION,190,lec,1,386,2.7
RELIGION,190,lec,2,387,2.4
RELIGION,213,lec,1,34,1.9
RELIGION,237,lec,1,540,4.6
RELIGION,240,lec,1,10,3.6
RELIGION,240,lab,1,10,3.9
RELIGION,240,lab,2,10,4.3
RELIGION,247,lec,1,43,3.4
RELIGION,263,lec,1,29,4.5
RELIGION,266,lec,1,508,0.2
RELIGION,270,lec,1,19,4.9
RELIGION,283,lec,1,29,4.2
RELIGION,301,lec,1,46,0.1
RELIGION,301,dis,1,46,2.2
RELIGION,301,dis,2,46,1.4
RELIGION,301,dis,3,46,3.4
RELIGION,301,dis,4,46,3.9
RELIGION,328,lec,1,43,3.6
RELIGION,342,lec,1,0,3.1
RELIGION,373,lec,1,50,4.9
RELIGION,377,lec,1,45,4.2
RELIGION,399,lec,1,20,4.9
RIGHTS,111,lec,1,259,1.8
RIGHTS,112,lec,1,260,4.2
RIGHTS,113,lec,1,176,3.4
RIGHTS,148,lec,1,42,3.3
RIGHTS,201,lec,1,132,1.2
RIGHTS,204,lec,1,36,4.6
RIGHTS,205,lec,1,16,3.4
RIGHTS,221,lec,1,14,1.6
RIGHTS,235,lec,1,15,0.3
RIGHTS,236,lec,1,15,1.5
RIGHTS,245,lec,1,183,2.1
RIGHTS,297,lec,1,0,4.3
RIGHTS,305,lec,1,19,1.4
RIGHTS,316,lec,1,8,4.9
RIGHTS,319,lec,1,15,2.1
RIGHTS,323,lec,1,18,2.3
RIGHTS,325,lec,1,329,2.1
RIGHTS,328,lec,1,7,0.7
RIGHTS,330,lec,1,344,0.5
RIGHTS,331,lec,1,244,1.3
RIGHTS,339,lec,1,23,1.3
RIGHTS,345,lec,1,13,4.8
RIGHTS,352,lec,1,373,2.7
RIGHTS,361,lec,1,357,4.2
RIGHTS,369,lec,1,343,1.5
RIGHTS,371,lec,1,0,3.1
RIGHTS,387,lec,1,339,2.1
RIGHTS,395,lec,1,179,0.4
ROMST,206,lec,1,282,3.7
ROMST,217,lec,1,178,4.9
ROMST,350,lec,1,356,4.7
ROMST,388,lec,1,191,3.4
ROMST,89,lec,1,320,2.2
ROMST,89,lec,2,394,3.6
ROMST,89,lec,4,76,3.8
RUSSIAN,101,lec,1,541,2.9
RUSSIAN,101,lec,2,541,3.4
RUSSIAN,121,lec,1,260,3.8
RUSSIAN,203,lec,1,541,2.4
RUSSIAN,301,lec,1,542,0.5
RUSSIAN,310,lec,1,55,2.3
RUSSIAN,325,lec,1,369,4
RUSSIAN,351,lec,1,63,1.3
RUSSIAN,399,lec,1,192,4
RUSSIAN,401,lec,1,543,3.4
RUSSIAN,89,lec,1,369,1.3
SCISOC,112,lec,1,260,0.7
SCISOC,153,lec,1,440,2.6
SCISOC,165,lec,1,525,1.3
SCISOC,165,lec,1,402,3.3
SCISOC,189,lec,1,342,1.2
SCISOC,196,lec,1,6,4.3
SCISOC,197,lec,1,544,2.5
SCISOC,199,lec,1,527,1.9
SCISOC,212,lec,1,192,2.9
SCISOC,260,lec,1,368,1.6
SCISOC,417,lec,1,99,2.8
SES,270,lec,1,55,2.9
SES,375,lec,1,371,2.4
SES,385,lec,1,179,2.5
SES,388,lec,1,371,4.3
SOCIOL,110,lec,1,545,4.4
SOCIOL,176,lec,1,319,1.1
SOCIOL,179,lec,1,546,3.6
SOCIOL,195,lec,1,177,0.5
SOCIOL,196,lec,1,6,1
SOCIOL,197,lec,1,424,0.1
SOCIOL,202,lec,1,14,2.1
SOCIOL,210,lec,1,547,1.1
SOCIOL,218,lec,1,548,1.6
SOCIOL,224,lec,1,0,1.8
SOCIOL,250,lec,1,549,3.8
SOCIOL,250,lec,2,549,1.8
SOCIOL,258,lec,1,424,2.8
SOCIOL,264,lec,1,550,0.1
SOCIOL,265,lec,1,551,4.7
SOCIOL,295,lec,1,357,0.4
SOCIOL,331,lec,1,353,1.3
SOCIOL,332,lec,1,551,2.5
SOCIOL,333,lec,1,552,0.8
SOCIOL,338,lec,1,553,0.8
SOCIOL,339,lec,1,180,3.4
SOCIOL,341,lec,1,554,4.3
SOCIOL,343,lec,1,23,2.5
SOCIOL,344,lec,1,554,2.8
SOCIOL,345,lec,1,548,3.2
SOCIOL,346,lec,1,265,2.1
SOCIOL,351,lec,1,190,2.9
SOCIOL,355,lec,1,555,4.5
SOCIOL,359,lec,1,556,1.6
SOCIOL,360,lec,1,48,3.5
SOCIOL,361,lec,1,347,2.5
SOCIOL,367,lec,1,557,2.8
SOCIOL,388,lec,1,191,1.3
SOCIOL,430,lec,1,268,1.2
SOCIOL,490,lec,1,558,1
SOCIOL,495,lec,1,547,3.3
SOCIOL,89,lec,1,319,2.2
SPANISH,101,lec,1,0,1.5
SPANISH,101,lec,2,0,2.4
SPANISH,101,lec,3,0,2.1
SPANISH,101,lec,4,0,2.1
SPANISH,102,lec,1,0,1
SPANISH,102,lec,2,0,2.4
SPANISH,102,lec,3,0,4.5
SPANISH,102,lec,4,0,1.3
SPANISH,102,lec,5,0,0.4
SPANISH,102,lec,6,0,4.1
SPANISH,203,lec,1,0,3.4
SPANISH,203,lec,2,0,0.1
SPANISH,203,lec,3,0,0.4
SPANISH,203,lec,4,0,2.5
SPANISH,203,lec,5,0,4.1
SPANISH,203,lec,6,0,4.1
SPANISH,203,lec,7,0,1.1
SPANISH,203,lec,8,0,3.5
SPANISH,203,lec,9,0,2.4
SPANISH,203,lec,10,0,3.6
SPANISH,203,lec,11,0,2.8
SPANISH,204,lec,1,0,0.2
SPANISH,204,lec,2,0,4.3
SPANISH,204,lec,3,0,3.3
SPANISH,204,lec,4,0,3.5
SPANISH,204,lec,5,0,4.7
SPANISH,204,lec,6,0,1.6
SPANISH,204,lec,7,0,4.2
SPANISH,204,lec,8,0,2.1
SPANISH,205,lec,1,0,4
SPANISH,272,lec,1,559,2.6
SPANISH,301,lec,1,0,2
SPANISH,301,lec,2,0,1.5
SPANISH,301,lec,3,0,2.7
SPANISH,301,lec,4,0,3.9
SPANISH,301,lec,5,0,4.3
SPANISH,302,lec,1,0,0.8
SPANISH,303,lec,1,0,1.2
SPANISH,303,lec,2,0,0.3
SPANISH,303,lec,4,0,0.2
SPANISH,306,lec,1,188,2
SPANISH,306,lec,2,189,2.5
SPANISH,308,lec,1,0,3.6
SPANISH,313,lec,1,0,0.9
SPANISH,327,lec,1,560,2.3
SPANISH,331,lec,1,561,4.1
SPANISH,332,lec,1,320,2.2
SPANISH,336,lec,1,401,5
SPANISH,434,lec,1,561,1.2
STA,101,lec,1,0,4.8
STA,101,lec,2,0,2.6
STA,101,lab,1,0,0.8
STA,101,lab,2,0,1.1
STA,101,lab,3,0,4.2
STA,101,lab,4,0,2.5
STA,101,lab,5,0,3.9
STA,101,lab,6,0,4.6
STA,101,lab,7,0,3.2
STA,101,lab,8,0,1.9
STA,102,lec,1,562,1.6
STA,102,lab,1,562,4
STA,102,lab,2,562,2.2
STA,102,lab,3,562,1.4
STA,199,lec,1,562,1.5
STA,199,lec,2,563,1.9
STA,199,lec,3,564,0.5
STA,199,lab,1,562,2.4
STA,199,lab,2,562,4.2
STA,199,lab,3,562,2.3
STA,199,lab,4,563,4.9
STA,199,lab,5,563,0.3
STA,199,lab,6,563,1.8
STA,199,lab,7,564,4.1
STA,199,lab,8,564,3.8
STA,199,lab,9,564,4.1
STA,210,lec,1,563,2.7
STA,210,lab,1,563,1.7
STA,210,lab,2,563,3.9
STA,210,lab,3,563,3.6
STA,230,lec,1,408,3.3
STA,230,lec,2,409,1.4
STA,230,lec,3,410,1.5
STA,230,lec,4,0,3.8
STA,230,lec,5,410,1.6
STA,231,lec,1,0,3.9
STA,240,lec,1,407,1.7
STA,240,lab,1,407,3.4
STA,325,lec,1,565,4.7
STA,325,lab,1,565,1.2
STA,325,lab,2,565,4.9
STA,360,lec,1,566,4.7
STA,360,lab,1,566,3.8
STA,440,lec,1,567,1.4
STA,440,lab,1,567,0.4
STA,465,lec,1,173,2.7
STA,470,lec,1,568,5
SUSTAIN,276,lec,1,225,1.5
SXL,160,lec,1,0,2.4
SXL,235,lec,1,354,3.1
SXL,264,lec,1,17,2.6
SXL,278,lec,1,185,1.3
SXL,295,lec,1,357,4.1
SXL,89,lec,1,359,3.4
THEATRST,115,lec,1,569,3.7
THEATRST,145,lec,1,570,1.3
THEATRST,145,lec,2,571,2
THEATRST,145,lec,3,0,3.9
THEATRST,145,lec,4,0,0.6
THEATRST,202,lec,1,181,2.3
THEATRST,210,lec,1,181,2.9
THEATRST,227,lec,1,0,3.5
THEATRST,236,lec,1,193,3.8
THEATRST,243,lec,1,22,1.3
THEATRST,246,lec,1,571,0.4
THEATRST,247,lec,1,194,4.4
THEATRST,249,lec,1,62,1.4
THEATRST,261,lec,1,84,4.7
THEATRST,277,lec,1,53,2.7
THEATRST,279,lec,1,0,3.5
THEATRST,285,lec,1,53,1.5
THEATRST,311,lec,1,198,4.1
THEATRST,334,lec,1,0,5
THEATRST,336,lec,1,289,1
THEATRST,345,lec,1,571,3.3
THEATRST,350,lec,1,572,4.1
THEATRST,350,lec,2,0,1.3
THEATRST,351,lec,1,63,3.3
THEATRST,370,lec,1,0,3.8
THEATRST,370,lec,2,0,3.4
THEATRST,89,lec,1,63,0.6
TURKISH,101,lec,1,573,4.8
TURKISH,203,lec,1,573,1.5
TURKISH,203,dis,1,573,0.2
TURKISH,305,lec,1,573,0.6
URDU,101,lec,1,574,4.7
VMS,103,lec,1,201,2.4
VMS,106,lec,1,58,3.3
VMS,115,lec,1,77,3.4
VMS,131,lec,1,52,4.3
VMS,198,lec,1,52,0.9
VMS,202,lec,1,575,1.4
VMS,202,dis,1,575,2.3
VMS,202,dis,2,575,0.9
VMS,204,lec,1,80,4.5
VMS,205,lec,1,181,3.8
VMS,206,lec,1,82,2.2
VMS,207,lec,1,205,2.9
VMS,212,lec,1,83,4.4
VMS,227,lec,1,85,2.4
VMS,230,lec,1,5,4.4
VMS,231,lec,1,33,2.8
VMS,233,lec,1,540,1.1
VMS,237,lec,1,41,3.9
VMS,240,lec,1,0,4.8
VMS,242,lec,1,68,3.4
VMS,242,lec,2,68,2.1
VMS,258,lec,1,55,2.6
VMS,261,lec,1,0,3.3
VMS,261,lec,2,0,2.1
VMS,265,lec,1,202,0.3
VMS,266,lec,1,382,4.9
VMS,267,lec,1,0,4.5
VMS,271,lec,1,86,1.3
VMS,273,lec,1,39,4.3
VMS,281,lec,1,56,5
VMS,304,lec,1,74,4.6
VMS,305,lec,1,61,1.9
VMS,309,lec,1,57,5
VMS,316,lec,1,62,2.1
VMS,323,lec,1,18,2.1
VMS,325,lec,1,216,3
VMS,325,lab,1,216,0.6
VMS,326,lec,1,384,3
VMS,332,lec,1,73,4
VMS,332,lab,1,73,3.6
VMS,338,lec,1,58,4.3
VMS,346,lec,1,383,2.6
VMS,362,lec,1,60,0.8
VMS,363,lec,1,60,4.6
VMS,366,lec,1,385,0.1
VMS,366,lab,1,385,1.7
VMS,497,lec,1,87,2
VMS,89,lec,1,76,4.1
VMS,89,lec,2,394,4
VMS,89,lec,3,63,1.2
WRITING,182,lec,1,526,1.5
WRITING,182,lec,2,526,3.6
WRITING,255,lec,1,262,0.1
WRITING,89,lec,1,317,1.8
AAAS,234,lec,1,576,3.1
AAAS,290,lec,1,576,3.8
AEROSCI,301,lec,1,577,0.4
AMES,145,lec,1,578,2.9
AMES,244,lec,1,579,0.6
AMES,301,lec,1,580,1.9
BIOLOGY,158,lec,1,581,1.7
BIOLOGY,201,lec,1,582,5
BIOLOGY,202,lec,1,583,4
BIOLOGY,209,lec,1,584,4.3
BIOLOGY,213,lec,1,585,3.6
BIOLOGY,220,lec,1,586,4.8
BIOLOGY,325,lec,1,587,3.2
BIOLOGY,422,lec,1,588,4.9
BME,244,lec,1,589,1
COMPSCI,310,lec,1,590,0.9
CULANTH,148,lec,1,579,0.7
CULANTH,278,lec,1,591,0.8
ECE,353,lec,1,590,1.7
ECE,461,lec,1,592,4
ECON,319,lec,1,593,3.9
EDUC,111,lec,1,594,0.8
EDUC,430,lec,1,595,4.9
EGR,101,lec,1,596,2.1
EGR,101,lec,2,596,3
EGR,101,lec,3,597,0.8
EGR,101,lec,4,598,4.1
EGR,101,lec,5,599,0.8
EGR,101,lec,6,600,1.6
EGR,95,lec,3,601,3.9
ENVIRON,147,lec,1,579,2.5
ENVIRON,461,lec,1,592,3.6
ETHICS,303,lec,1,580,2.1
GSF,278,lec,1,591,1.4
ICS,213,lec,1,576,4.4
ISS,112,lec,1,602,0.6
JEWISHST,148,lec,1,579,3.8
JEWISHST,301,lec,1,580,4.5
LINGUIST,217,lec,1,603,1.9
ME,426,lec,1,592,2.4
MEDREN,390,lec,2,604,1.4
MGM,325,lec,1,587,0.8
MILITSCI,101,lec,1,605,2.4
MILITSCI,201,lec,1,605,1
MILITSCI,301,lec,1,605,2.2
MILITSCI,401,lec,1,605,3.7
MILITSCI,91,lec,1,605,3.2
MILITSCI,93,lec,1,605,3.4
NEUROSCI,278,lec,1,591,0.9
NEUROSCI,388,lec,1,588,4.4
PHIL,345,lec,1,593,1.5
PHYSICS,417,lec,1,607,1
PJMS,112,lec,1,602,4.4
PJMS,375,lec,1,608,2.1
POLSCI,159,lec,1,579,0.5
POLSCI,235,lec,1,576,2.3
POLSCI,303,lec,1,580,2
POLSCI,390,lec,1,576,1.8
PSY,226,lec,1,591,0.4
PUBPOL,178,lec,1,579,4.9
PUBPOL,199,lec,1,609,2.2
PUBPOL,285,lec,1,576,0.4
PUBPOL,313,lec,1,580,4.3
PUBPOL,343,lec,1,608,0.1
RELIGION,301,lec,1,580,2.4
RIGHTS,111,lec,1,594,2.2
RIGHTS,148,lec,1,579,2.8
RIGHTS,235,lec,1,576,2.1
ROMST,217,lec,1,603,5
RUSSIAN,101,lec,1,610,2.1
RUSSIAN,101,lec,2,610,1.7
SCISOC,199,lec,1,609,1.2
SOCIOL,430,lec,1,595,2
SXL,278,lec,1,591,5
AMES,301,lec,1,611,4.7
EGR,101,lec,1,612,1.7
EGR,101,lec,2,613,0.8
EGR,101,lec,3,601,5
EGR,101,lec,4,614,3.2
EGR,101,lec,6,612,4.5
ETHICS,303,lec,1,611,2.5
JEWISHST,301,lec,1,611,3
POLSCI,303,lec,1,611,4.9
PUBPOL,313,lec,1,611,2.7
RELIGION,301,lec,1,611,0.3